<?xml version="1.0" encoding="UTF-8"?>
<Configuration>
    <Appenders>
        <Console name="Console" target="SYSTEM_OUT">
            <PatternLayout pattern="%msg%n" />
        </Console>
        <File name="File" fileName="books.log" immediateFlush="true" append="true">
            <PatternLayout pattern="%d{yyy-MM-dd HH:mm:ss.SSS} [%t] %-5level %logger{36} - %msg%n"/>
        </File>
    </Appenders>
    <Loggers>
        <Root level="DEBUG">
            <AppenderRef ref="Console" />
            <AppenderRef ref="File"/>
        </Root>
    </Loggers>
</Configuration>
